BRAND_ID,TERRITORY_ID,PRIMARY_CATEGORY,DOMAIN_AUTHORITY,TOTAL_PRODUCTS,TOTAL_PRESS_RELEASES,TOTAL_COLLABORATIONS,HAS_FACEBOOK,HAS_TWITTER,HAS_PINTEREST,HAS_INSTAGRAM,IS_AN_AFFILIATE
131,1,1582,45.0,1618,203,11,False,False,False,False,False
490,1,556,52.0,678,5,1,True,False,True,True,True
820,1,269,46.0,224,19,1,True,True,True,False,False
918,1,200,42.0,200,50,0,True,True,True,True,False
1105,1,417,41.0,369,2,1,True,False,False,True,False
2452,1,32,32.0,25,25,0,False,True,False,False,False
2497,1,8087,50.0,30961,81,1,True,True,True,True,False
3467,1,222,36.0,159,0,0,False,False,False,False,False
3527,1,17,17.0,73,81,0,True,True,True,True,False
3655,1,44,73.0,177,0,1,True,True,True,True,False
3685,1,916,54.0,1884,2,0,True,True,True,True,False
3887,3,139,36.0,152,6,0,False,True,False,False,False
4615,1,2110,57.0,4130,13,6,True,True,False,True,False
4793,1,50,32.0,99,6,1,True,True,True,True,True
5045,3,235,23.0,574,6,0,True,True,False,True,False
5309,1,2352,48.0,4856,45,1,True,True,True,True,False
5853,3,1332,34.0,2405,5,1,True,True,False,False,False
6273,1,72,27.0,113,28,0,True,True,True,True,False
6807,1,685,45.0,616,65,1,True,True,True,True,True
6991,1,30,13.0,40,0,0,False,True,False,False,False
7263,1,47,34.0,53,1,0,True,False,True,True,False
7487,1,326,26.0,217,1,0,False,False,False,False,False
8527,3,574,18.0,1101,91,0,True,False,False,True,False
8685,1,588,37.0,1278,41,1,True,True,True,True,True
8895,4,21,67.0,21,1,0,False,False,False,False,False
8973,4,103,24.0,199,37,0,True,True,True,True,False
9129,4,999,29.0,996,7,3,True,False,True,True,False
9141,4,74,26.0,114,15,0,True,True,False,False,False
9169,4,129,27.0,165,113,0,True,False,False,True,False
9481,4,319,34.0,290,36,2,True,False,True,True,False
9587,1,358,16.0,363,23,0,True,True,True,True,True
9619,4,176,32.0,167,0,0,False,False,False,False,False
9731,4,235,34.0,250,2,0,False,False,False,False,False
9797,4,92,33.0,113,0,0,False,False,False,False,False
9819,4,522,35.0,809,0,1,False,False,False,True,False
9827,4,198,66.0,226,0,0,False,False,False,False,False
10339,1,77,18.0,180,50,1,True,False,True,True,False
10435,1,169,30.0,265,1,2,True,True,True,True,False
10812,1,119,25.0,98,13,0,True,True,False,True,False
10836,4,167,23.0,97,0,2,True,False,False,True,False
11287,1,1193,61.0,2636,0,0,False,False,False,False,False
12795,3,2109,47.0,3729,29,0,True,False,True,True,False
13475,1,43,25.0,24,2,0,True,True,True,True,False
14021,1,184,22.0,92,0,0,False,False,False,False,True
14253,4,32,19.0,75,4,0,True,True,False,False,False
14308,4,308,40.0,819,0,1,True,True,True,True,True
14327,9,125,33.0,246,21,0,True,True,False,True,False
14717,1,516,42.0,847,0,0,True,True,False,True,False
14731,3,1191,27.0,3266,48,2,True,False,True,True,False
14782,3,45,28.0,81,25,2,True,False,True,True,True
14837,4,245,27.0,267,72,2,True,False,True,True,False
14841,4,161,28.0,249,64,0,True,True,True,True,False
15081,1,2624,43.0,3990,20,0,True,True,True,True,True
15210,1,937,50.0,1124,50,3,True,True,True,True,False
15466,1,1324,55.0,2817,2,0,True,True,True,True,False
15547,9,151,32.0,289,48,0,True,True,True,True,False
15566,4,49,24.0,55,4,0,True,False,False,True,False
16075,4,11,34.0,10,7,1,True,False,True,True,False
16122,1,618,40.0,318,21,0,True,False,True,True,True
16194,4,41,32.0,107,8,3,True,False,True,True,False
16533,4,488,29.0,467,11,1,True,False,False,True,False
16958,4,389,25.0,239,39,1,True,False,False,True,False
17000,1,44,31.0,125,1,1,True,True,False,True,False
17050,1,28,11.0,28,1,0,False,True,False,False,True
17126,1,308,20.0,767,9,0,True,True,False,False,True
17219,1,1591,43.0,915,170,3,True,True,True,True,False
17561,2,59,56.0,174,4,0,False,False,False,False,False
17755,4,130,37.0,244,38,2,True,False,True,True,False
17897,3,523,30.0,511,8,0,True,False,True,True,False
18052,4,16,28.0,20,0,0,True,True,True,True,False
18250,1,1542,44.0,871,13,0,False,False,False,False,False
18334,4,12,33.0,31,0,0,False,False,False,False,False
18532,1,380,42.0,779,43,0,False,False,False,False,False
18651,1,16,20.0,10,0,1,False,True,False,True,False
18652,1,26,74.0,42,2,0,True,True,True,True,False
18782,4,86,28.0,241,99,0,True,False,True,True,False
18788,1,977,48.0,1532,40,6,True,True,True,True,False
18903,1,779,54.0,847,120,25,True,True,True,True,False
18909,1,45,21.0,46,3,3,True,True,False,True,False
18941,1,286,24.0,469,4,0,True,True,False,True,False
19005,4,357,28.0,605,17,0,True,True,True,True,False
19119,1,2038,46.0,5936,101,1,True,True,True,True,True
19122,1,157,34.0,272,4,0,True,True,False,True,True
19130,1,2655,84.0,9350,38,0,False,False,False,False,False
19183,1,174,36.0,254,6,1,False,False,False,False,False
19306,1,69,12.0,101,0,0,False,False,False,True,False
19407,1,706,46.0,788,65,3,True,True,True,True,False
19657,2,1408,56.0,1706,18,0,True,True,False,True,False
19658,2,1279,34.0,1002,6,0,True,False,False,True,False
19659,2,1704,59.0,2045,26,0,True,True,True,True,False
19661,2,2197,57.0,1662,17,0,True,True,False,False,False
19662,2,1252,50.0,757,8,0,True,True,False,False,False
19682,4,575,16.0,1023,1,0,True,False,True,True,False
20035,1,39,18.0,43,17,0,True,True,True,True,False
20313,3,274,22.0,292,2,0,True,True,True,True,True
20783,4,115,23.0,99,0,0,False,False,False,False,False
20797,1,353,52.0,923,16,1,True,False,True,True,True
21061,5,584,32.0,499,151,2,False,False,False,False,False
21373,1,355,54.0,1018,35,23,True,True,True,True,False
21448,1,14,21.0,11,0,0,False,False,False,False,False
21482,1,613,41.0,1363,74,1,True,True,True,True,False
21505,1,838,50.0,1384,8,1,True,True,True,True,False
21591,1,6,7.0,12,0,0,True,True,True,True,False
22161,4,18,32.0,29,14,0,False,False,False,False,False
22352,9,8429,43.0,10936,212,0,True,True,True,True,False
22539,1,398,93.0,260,0,1,True,False,True,True,False
22615,3,308,30.0,2974,0,1,True,True,True,True,False
22675,4,1651,31.0,7736,13,0,True,True,True,True,False
22738,1,318,46.0,321,5,0,True,True,True,False,False
22740,5,67,16.0,131,1,0,False,False,False,False,False
23246,4,106,44.0,58,3,0,True,False,False,False,False
23248,1,366,15.0,394,23,0,True,False,False,True,True
23410,1,201,36.0,316,6,2,True,True,False,True,False
23434,4,1012,46.0,1041,38,7,True,True,True,True,False
23548,3,33,27.0,327,1,0,True,False,False,True,False
23844,9,9,16.0,60,6,0,False,False,False,False,False
23858,1,128,31.0,87,2,0,True,False,False,True,False
23994,5,153,42.0,167,9,1,True,True,True,True,False
23998,5,650,80.0,431,5,0,True,False,False,True,False
24101,5,222,40.0,113,11,0,False,False,False,False,False
24144,1,3001,35.0,5293,94,0,True,True,True,True,False
24272,1,873,45.0,585,0,0,False,False,False,False,False
24336,1,305,60.0,716,2,1,True,True,True,True,False
24438,5,27,26.0,71,4,0,True,False,False,False,False
24551,5,386,33.0,250,15,0,False,False,False,False,False
24650,3,114,26.0,109,5,3,False,False,False,True,False
24900,1,161,14.0,204,2,0,True,True,False,True,True
24932,1,5,16.0,57,0,0,False,False,False,False,False
24935,1,990,48.0,1092,50,3,True,True,True,True,False
25079,1,2016,51.0,4878,36,1,True,True,True,True,False
25452,3,21,27.0,24,3,1,True,False,False,True,False
25464,4,157,33.0,129,0,0,False,False,False,False,False
25572,1,161,30.0,269,30,8,False,True,False,True,False
25585,4,231,57.0,545,1,1,False,False,False,False,False
25660,4,103,46.0,160,1,0,True,True,True,True,False
25776,4,234,42.0,427,18,0,True,False,False,True,False
25810,1,822,52.0,1340,6,0,False,False,False,False,False
25823,1,280,22.0,319,2,0,True,True,True,True,False
25852,1,1609,45.0,1911,10,0,True,True,True,True,False
26018,4,52,20.0,105,0,0,True,False,True,True,False
26073,1,122,40.0,255,7,0,True,True,True,True,False
26158,1,249,33.0,380,47,5,True,True,False,True,True
26197,2,794,24.0,918,0,0,False,False,False,True,False
26287,1,47,38.0,45,2,1,True,False,True,True,False
26300,5,131,33.0,97,0,0,True,False,False,True,False
26590,3,1623,26.0,1649,8,0,True,True,False,True,False
26685,1,258,36.0,254,5,0,True,True,True,True,False
26770,1,190,29.0,100,0,0,True,False,True,True,False
26771,1,396,36.0,249,0,1,True,True,True,True,True
26825,4,41,26.0,99,0,0,True,False,False,False,False
26888,4,278,24.0,391,2,1,True,True,False,True,False
27004,1,30,20.0,20,2,0,True,True,True,True,False
27013,1,3857,56.0,7265,69,1,True,True,True,True,False
27081,1,193,23.0,511,13,0,True,False,True,True,False
27148,5,37,28.0,37,1,0,False,False,False,False,False
27438,2,1245,41.0,1987,33,0,True,True,False,True,False
27497,1,1247,40.0,955,13,2,True,True,True,True,True
27534,1,116,16.0,299,32,0,False,False,False,True,False
27641,12,269,34.0,449,1,0,True,False,True,True,False
27748,1,711,58.0,1508,0,0,True,True,True,True,False
27863,1,26,12.0,21,0,0,False,False,False,False,False
27904,3,186,35.0,248,3,0,True,True,True,True,False
27939,1,692,37.0,496,79,0,False,False,False,False,False
27959,2,837,57.0,1077,88,0,True,False,True,True,False
27982,3,592,30.0,619,7,1,True,True,False,True,False
28355,1,310,49.0,1020,46,4,False,False,False,False,False
28603,1,646,58.0,672,0,2,True,True,True,True,True
28616,1,884,52.0,1552,0,0,False,False,False,False,False
28625,1,258,39.0,391,0,0,False,False,False,False,False
28642,1,281,42.0,521,1,1,True,False,True,True,True
29023,1,117,13.0,137,3,0,True,True,True,True,False
29065,4,277,23.0,301,0,0,True,False,False,True,False
29270,1,1040,38.0,1646,23,0,True,True,False,True,False
29347,1,1940,57.0,6563,52,6,True,True,True,True,False
29354,1,162,24.0,344,4,2,True,True,False,True,True
29580,12,9,34.0,9,0,0,True,False,False,True,False
29586,4,42,17.0,99,3,0,True,False,False,True,False
29620,1,18,15.0,26,0,0,True,False,False,True,False
29625,1,119,38.0,116,4,1,False,False,False,False,False
29640,1,1023,45.0,975,41,0,True,True,True,True,True
29717,1,318,51.0,819,60,2,True,True,True,True,False
29781,1,459,54.0,1015,51,2,True,True,False,True,False
29789,4,38,26.0,99,21,1,True,False,True,True,True
29808,1,423,40.0,600,32,1,True,False,True,True,False
29849,1,179,19.0,202,1,1,False,False,False,False,False
29853,1,9,31.0,169,21,1,False,False,False,False,False
30015,3,339,35.0,678,24,0,False,False,False,True,True
30022,1,11,18.0,13,4,0,True,True,False,True,False
30085,1,134,25.0,189,0,0,True,True,True,True,False
30086,1,146,20.0,287,10,0,False,False,False,False,True
30113,4,8,13.0,30,1,0,True,False,False,True,False
30274,1,99,37.0,171,21,1,True,True,False,True,False
30287,1,34,48.0,32,2,10,True,True,True,True,False
30289,4,1195,41.0,981,26,4,True,False,True,True,False
30305,1,1550,62.0,2322,0,0,False,False,False,False,False
30306,1,169,37.0,222,0,0,False,False,False,False,False
30331,1,153,14.0,206,6,2,True,True,True,True,True
30366,1,184,46.0,197,0,0,True,True,True,True,False
30370,1,525,39.0,985,5,0,True,True,True,True,False
30436,1,635,36.0,417,3,2,True,True,False,True,False
30439,1,102,49.0,111,1,0,False,False,False,False,False
30470,1,130,84.0,145,1,0,False,False,False,False,False
30516,1,209,30.0,256,13,1,True,True,False,True,False
30533,1,188,48.0,294,20,0,True,True,True,True,False
30550,4,77,21.0,150,0,0,True,False,False,False,False
30825,1,549,28.0,761,2,0,False,False,False,False,True
30850,1,190,29.0,234,4,0,False,False,False,False,False
30934,4,82,16.0,80,18,0,True,True,True,True,False
30937,1,1898,35.0,3085,14,0,True,True,True,True,True
30960,4,387,20.0,229,1,0,True,True,True,True,False
30973,1,490,39.0,951,21,0,True,False,True,True,False
30990,4,487,21.0,252,3,1,True,False,True,True,False
30996,3,192,55.0,181,14,0,True,False,False,True,True
31112,1,51,24.0,51,2,0,True,True,True,True,False
31142,1,176,24.0,151,3,0,True,True,True,True,False
31178,1,39,24.0,44,1,0,True,True,True,True,False
31194,1,763,24.0,592,17,2,True,False,True,True,False
31237,1,549,49.0,938,43,2,True,True,True,True,False
31239,1,588,35.0,585,37,0,True,True,True,True,False
31413,1,5,23.0,17,0,0,False,False,False,False,False
31437,1,226,56.0,382,33,0,True,True,False,True,False
31445,1,20,19.0,10,13,1,False,True,False,True,True
31526,1,161,28.0,244,0,0,True,False,False,True,False
31618,1,422,27.0,393,0,0,False,True,False,True,True
31682,1,528,57.0,1562,0,0,True,False,True,True,False
31683,4,100,20.0,154,2,0,True,False,True,True,True
31695,4,524,26.0,744,35,0,False,False,False,True,False
31706,4,164,22.0,110,1,1,True,False,True,True,False
31729,1,380,55.0,750,15,8,True,True,True,True,False
31737,1,160,17.0,88,0,0,False,False,False,False,False
31738,1,9,13.0,9,1,0,False,False,False,False,False
31743,4,117,21.0,99,5,0,True,True,True,True,True
31809,1,86,17.0,116,9,1,True,True,False,True,True
31825,4,163,30.0,675,7,1,True,False,True,True,False
31963,1,253,23.0,246,13,2,False,False,True,True,True
32021,1,867,49.0,2550,52,1,True,True,True,True,False
32105,1,22,84.0,95,1,0,False,False,False,False,False
32139,1,407,84.0,673,0,0,False,False,False,False,False
32215,1,527,37.0,473,0,0,False,False,False,False,False
32229,1,1,13.0,1,0,1,False,False,False,False,False
32275,3,60,14.0,75,6,0,True,False,True,True,False
32297,1,52,27.0,80,0,0,True,True,True,True,False
32338,1,230,30.0,343,26,0,False,False,False,False,False
32343,1,1237,34.0,794,33,0,True,True,True,True,False
32417,4,74,14.0,60,46,1,False,False,False,True,True
32423,1,277,41.0,336,9,0,True,False,True,True,False
32591,1,329,26.0,423,21,1,True,True,True,True,True
32656,1,526,42.0,1089,30,0,False,False,False,False,False
32658,1,763,34.0,1044,54,3,True,True,False,True,False
32689,1,4,9.0,9,1,1,True,False,False,True,False
32692,1,811,57.0,1437,20,12,True,False,True,True,False
32702,1,476,49.0,730,48,18,True,False,True,False,False
32727,1,922,33.0,956,24,0,True,False,True,True,False
32730,1,421,35.0,1005,9,0,False,False,False,False,True
32763,4,213,27.0,258,3,0,True,False,True,True,False
32777,1,3398,53.0,2000,23,0,True,False,False,True,False
32782,1,144,23.0,201,0,1,True,False,True,True,False
32810,3,64,26.0,73,1,0,True,False,True,True,True
32820,1,421,27.0,335,16,0,True,False,False,True,False
32829,1,59,56.0,129,16,0,True,True,True,True,False
32870,1,391,49.0,698,8,0,False,False,False,True,True
32984,1,24,13.0,99,2,1,False,False,False,False,False
33008,1,147,52.0,113,0,0,False,False,False,False,False
33070,1,76,10.0,138,1,0,False,False,False,True,True
33083,1,1514,32.0,1651,5,1,True,True,False,True,True
33132,1,408,29.0,918,9,1,False,False,False,False,True
33136,1,54,18.0,49,3,0,False,False,False,True,False
33163,5,225,9.0,126,9,0,False,False,False,True,False
33165,1,317,33.0,255,0,0,False,False,False,False,False
33167,1,56,12.0,120,7,1,True,False,False,True,False
33243,1,671,53.0,1852,58,0,True,True,True,True,False
33275,1,247,30.0,250,25,0,True,False,True,True,False
33286,1,222,25.0,424,13,3,True,False,True,True,True
33295,1,425,52.0,318,0,0,False,False,False,False,False
33302,1,71,44.0,139,3,0,True,True,True,True,False
33321,1,177,19.0,254,0,0,False,False,False,False,True
33333,1,3,14.0,3,0,0,True,False,False,True,False
33378,1,135,24.0,78,0,0,False,False,False,False,False
33496,1,44,14.0,87,1,3,False,False,False,True,True
33537,5,25,24.0,25,1,0,False,False,False,False,False
33539,1,272,19.0,280,2,0,True,False,True,True,True
33541,1,92,21.0,141,24,0,False,False,False,False,False
33556,1,117,16.0,106,0,0,False,False,False,False,False
33598,1,153,14.0,166,11,2,True,False,False,True,True
33646,1,13,54.0,19,1,0,True,True,True,True,False
33695,1,598,60.0,1691,0,0,True,True,True,True,False
33723,1,98,26.0,314,12,0,True,True,True,True,True
33737,1,189,39.0,179,17,0,True,True,True,True,False
33746,1,12,16.0,46,0,0,False,True,True,True,True
33762,3,27,20.0,91,0,1,True,False,True,True,False
33794,1,401,62.0,280,4,0,True,True,True,True,False
33795,1,46,20.0,54,1,0,False,False,True,True,False
33806,1,276,16.0,288,2,1,True,False,True,True,False
33853,1,374,33.0,362,31,0,True,True,True,True,False
33863,1,183,12.0,119,0,0,True,False,True,True,False
33953,1,49,24.0,48,0,0,True,False,True,True,False
33966,1,25,12.0,14,0,0,False,False,False,False,False
33968,1,10,40.0,10,1,0,False,False,False,False,False
33994,1,112,20.0,155,0,0,True,True,True,True,False
34005,1,303,14.0,228,0,0,True,True,False,True,True
34006,1,44,31.0,71,0,0,False,False,False,False,False
34021,1,31,13.0,167,3,0,False,False,False,False,False
34070,1,138,23.0,115,0,0,True,False,True,True,False
34128,1,338,28.0,412,0,4,True,False,True,True,False
34164,1,155,34.0,222,0,0,True,False,True,True,False
34188,1,117,16.0,97,0,0,False,False,False,False,False
34210,4,165,17.0,100,15,0,False,False,False,False,False
34233,1,469,48.0,465,0,0,False,False,False,False,False
34243,4,6,12.0,7,0,0,False,False,False,False,False
34260,1,244,43.0,253,33,0,False,False,False,False,False
34318,1,27,10.0,24,0,2,False,False,False,True,False
34402,4,351,29.0,255,44,0,True,False,True,True,False
34532,2,101,53.0,130,3,0,False,False,False,False,False
34550,1,121,68.0,211,3,0,True,True,False,True,False
34554,1,376,13.0,423,40,0,False,False,False,False,True
34565,1,400,28.0,418,28,1,True,True,True,True,False
34583,4,248,16.0,202,1,0,True,False,True,True,False
34618,1,52,35.0,87,0,0,False,False,False,False,False
34623,4,612,29.0,648,75,0,True,False,False,True,False
34624,1,77,18.0,80,3,5,True,True,False,True,True
34676,1,288,38.0,278,16,0,True,True,True,True,True
34693,1,106,35.0,144,9,0,False,False,False,False,False
34751,5,40,15.0,61,1,0,True,False,False,True,False
34771,4,50,8.0,41,6,1,False,False,False,False,False
34777,1,973,29.0,1500,9,0,True,False,True,True,True
34778,1,768,61.0,2389,39,0,False,False,True,True,False
34788,4,192,14.0,140,0,0,False,False,False,False,False
34859,1,121,41.0,110,18,0,False,False,False,False,False
34872,1,940,39.0,1001,19,0,True,True,True,True,False
34957,1,171,15.0,323,1,0,False,False,False,False,False
34959,1,248,21.0,410,26,0,True,True,True,True,True
35009,1,72,47.0,50,0,0,False,False,False,False,False
35034,1,83,41.0,101,0,0,False,False,False,False,False
35036,1,438,15.0,276,2,0,True,True,True,True,True
35044,1,72,11.0,108,3,0,True,False,False,True,True
35074,4,217,32.0,126,0,0,False,False,False,False,False
35076,1,109,10.0,115,0,0,False,False,False,False,False
35084,1,376,26.0,441,4,2,True,False,True,True,False
35140,1,439,28.0,439,21,0,True,True,True,True,True
35221,1,63,24.0,72,0,0,False,False,True,True,True
35227,1,965,43.0,549,25,0,False,False,False,False,False
35238,1,38,7.0,40,0,0,False,True,True,True,False
35256,4,1,20.0,1,0,0,False,False,False,False,False
35278,1,168,13.0,297,3,0,False,False,False,True,False
35294,5,500,25.0,809,0,0,False,False,False,False,False
35355,1,455,23.0,1027,3,2,False,False,False,False,True
35385,1,159,18.0,126,2,1,True,True,True,True,False
35404,1,62,11.0,63,5,1,False,False,False,False,True
35411,3,5,14.0,6,0,0,False,False,False,False,True
35426,1,391,26.0,196,0,0,True,False,True,True,False
35434,1,79,10.0,80,1,0,False,False,False,True,False
35446,1,43,8.0,48,1,0,False,False,False,True,False
35450,1,68,9.0,37,1,0,True,False,False,True,True
35512,1,303,44.0,270,2,0,False,False,False,False,False
35514,1,90,12.0,89,0,0,True,False,True,True,False
35519,1,154,8.0,155,0,0,False,False,True,True,True
35564,1,61,15.0,121,2,0,True,True,True,True,True
35612,1,184,38.0,226,29,0,True,True,True,True,True
35616,1,214,28.0,108,1,0,False,False,False,False,False
35630,4,130,54.0,176,34,0,True,False,True,True,False
35636,1,207,10.0,202,5,0,True,False,True,True,False
35681,1,112,30.0,111,0,0,False,False,False,False,False
35754,1,445,16.0,1099,36,4,True,False,False,True,False
35798,1,384,14.0,413,0,0,True,True,True,True,True
35800,1,376,28.0,338,0,0,True,True,False,True,False
35814,3,73,27.0,192,5,0,False,False,False,False,True
35912,4,356,30.0,178,14,0,True,False,False,True,False
35913,1,54,12.0,27,0,0,False,False,False,False,False
35914,4,292,19.0,156,1,0,True,False,False,True,True
35922,1,65,11.0,127,0,0,False,False,False,False,False
35947,1,53,14.0,32,5,0,False,False,False,False,True
36000,1,509,32.0,825,3,1,True,False,True,True,False
36002,1,20,17.0,20,0,1,True,True,True,True,True
36013,4,36,23.0,100,1,0,True,False,False,True,False
36100,1,69,11.0,124,0,0,False,False,False,False,False
36135,1,10,24.0,22,1,1,True,True,True,True,False
36183,1,126,24.0,349,18,2,True,True,False,True,False
36186,1,65,31.0,75,5,0,True,True,False,True,False
36244,4,356,23.0,261,11,1,True,False,True,True,False
36254,1,223,61.0,232,20,0,False,False,False,False,False
36358,1,201,47.0,222,5,0,False,False,False,False,False
36369,1,264,53.0,216,0,0,False,False,False,False,False
36473,1,177,31.0,253,7,0,False,False,False,False,False
36481,1,239,50.0,125,0,0,False,False,False,True,False
36494,3,62,28.0,62,21,0,False,False,False,False,False
36547,1,18,20.0,33,1,1,True,False,False,True,False
36551,4,274,39.0,178,16,0,True,False,False,True,False
36554,1,43,13.0,56,0,0,True,False,False,True,False
36565,1,161,50.0,486,4,0,False,False,False,False,False
36577,1,61,10.0,252,0,0,False,False,False,False,False
36578,1,28,10.0,76,0,0,False,False,False,False,False
36593,1,32,14.0,62,3,0,True,False,False,True,False
36604,1,30,33.0,3225,1,1,True,False,True,True,True
36637,1,41,10.0,31,2,0,False,False,False,False,False
36649,1,234,12.0,248,2,4,False,False,False,True,True
36673,1,37,16.0,97,2,0,True,True,True,True,False
36698,1,23,10.0,23,0,0,False,False,True,True,True
36734,1,261,30.0,150,0,0,True,False,True,True,False
36736,1,218,16.0,281,0,0,False,False,False,False,False
36753,1,13,9.0,11,0,0,True,False,True,True,False
36781,1,278,19.0,475,21,0,False,False,False,False,False
36794,1,77,22.0,70,5,1,False,False,False,False,True
36834,1,153,38.0,148,5,1,True,False,False,True,False
36840,1,5,5.0,8,0,0,False,False,False,False,False
36856,1,331,24.0,454,1,0,False,False,False,True,False
36890,1,152,62.0,142,2,0,False,False,False,False,False
36891,1,90,17.0,690,1,1,False,False,False,True,True
36908,1,276,30.0,371,23,1,True,False,True,True,False
36976,1,105,10.0,59,2,0,False,False,False,False,False
37039,1,215,22.0,158,4,0,False,False,False,False,False
37084,1,39,16.0,40,0,0,False,False,False,False,False
37096,1,45,22.0,54,0,0,False,False,False,False,False
37123,1,52,15.0,56,0,0,False,False,False,True,True
37173,1,867,13.0,1013,3,1,True,True,True,True,True
37216,1,169,15.0,275,10,1,False,False,False,True,False
37273,1,377,55.0,377,0,0,False,False,False,False,False
37281,1,137,27.0,140,0,0,False,False,False,False,False
37359,1,382,30.0,405,9,0,False,False,False,False,False
37376,2,5,31.0,16,0,0,False,False,False,False,False
37392,1,89,11.0,49,5,0,False,False,False,False,True
37422,1,295,20.0,361,14,1,True,True,True,True,True
37435,1,121,58.0,127,1,1,False,False,False,False,False
37487,1,87,24.0,50,2,0,False,False,False,False,False
37534,1,246,21.0,137,0,0,False,False,False,False,False
37535,1,161,21.0,101,0,0,False,False,False,False,False
37549,1,286,18.0,369,22,2,True,False,False,True,False
37625,1,102,15.0,52,1,0,True,True,True,True,True
37641,4,50,25.0,50,3,2,True,False,True,True,False
37699,1,42,45.0,71,0,0,False,False,False,False,False
37713,1,99,16.0,81,3,0,True,False,True,True,False
37760,1,455,25.0,433,28,0,True,False,True,True,False
37775,5,226,47.0,139,9,0,False,False,False,False,False
37794,5,262,34.0,157,13,0,False,False,False,False,False
37803,5,189,30.0,227,10,0,False,False,False,False,False
37815,1,17,11.0,18,0,0,False,False,False,False,False
37859,5,169,27.0,93,10,0,False,False,False,False,False
37860,4,40,11.0,51,0,0,False,False,False,False,False
37861,5,197,21.0,166,10,0,False,False,False,False,False
37867,1,55,26.0,63,9,0,False,False,False,False,False
37880,5,60,25.0,65,6,0,False,False,False,False,False
37886,5,82,30.0,116,8,0,False,False,False,False,False
37888,4,49,18.0,50,2,1,True,False,True,True,True
37894,1,18,13.0,10,1,0,True,True,True,True,False
37956,1,16,30.0,19,0,0,False,False,False,False,False
37957,1,270,47.0,293,9,0,False,False,False,False,False
38006,1,1023,37.0,960,3,1,False,False,False,False,False
38040,1,34,19.0,34,6,1,True,True,True,True,True
38061,1,105,16.0,62,4,0,True,True,True,True,False
38115,1,212,9.0,245,0,0,False,False,True,True,False
38126,1,354,28.0,354,29,1,True,True,True,True,False
38132,1,332,27.0,619,39,1,True,False,True,True,True
38141,1,6,13.0,12,1,0,True,False,False,True,True
38149,1,1193,16.0,813,5,0,False,False,False,True,False
38150,1,162,24.0,163,0,0,False,False,True,True,False
38156,1,177,22.0,96,0,0,False,False,False,False,False
38157,1,1,22.0,1,0,0,False,False,False,False,False
38158,5,320,16.0,300,4,0,True,False,True,True,False
38212,1,3,26.0,13,2,0,False,False,False,False,False
38226,5,69,31.0,149,10,0,False,False,False,False,False
38358,1,84,20.0,140,4,1,False,False,False,True,True
38380,1,23,55.0,28,0,28,False,False,False,False,False
38408,1,52,14.0,105,1,1,True,False,True,True,True
38431,1,156,20.0,235,21,1,True,False,True,True,False
38457,1,105,9.0,87,0,0,True,False,False,True,True
38469,1,36,9.0,41,0,0,False,False,False,True,False
38471,1,17,24.0,12,0,0,False,False,False,False,True
38473,1,14,23.0,22,0,0,False,False,False,False,False
38494,1,84,23.0,95,5,0,False,False,False,False,False
38514,1,130,49.0,140,2,0,True,True,True,True,False
38515,1,291,49.0,195,0,0,True,True,True,True,False
38517,1,36,31.0,36,0,0,True,True,True,True,False
38521,1,39,13.0,69,0,0,True,True,False,True,False
38526,1,10,27.0,10,0,0,False,False,False,False,False
38558,1,1335,16.0,1395,2,0,True,False,False,True,False
38588,1,691,38.0,1623,35,0,False,False,False,False,False
38600,1,11553,46.0,16422,0,0,True,True,False,True,False
38620,1,430,28.0,818,18,0,True,False,True,True,False
38648,1,6,19.0,9,1,0,True,True,True,True,True
38650,1,44,12.0,113,2,1,True,True,False,True,True
38688,1,891,58.0,1048,43,0,False,False,False,False,True
38698,1,685,12.0,604,6,0,True,False,True,True,False
38699,1,95,13.0,98,12,5,False,False,False,False,False
38700,1,534,15.0,592,38,0,True,False,True,True,True
38708,1,921,19.0,770,22,2,True,True,True,True,True
38755,1,21,18.0,30,1,0,False,False,False,False,False
38759,1,22,18.0,26,0,0,False,False,False,False,False
38763,1,8,15.0,11,0,0,False,False,False,False,False
38773,1,125,8.0,123,0,0,False,False,False,False,False
38795,1,562,33.0,1003,10,0,True,False,False,True,False
38798,1,192,31.0,194,1,0,False,False,False,False,True
38810,1,165,31.0,186,1,0,True,True,True,True,True
38839,1,77,61.0,127,0,0,False,False,False,False,False
38913,1,1035,22.0,1047,26,4,True,True,True,True,False
38930,1,293,11.0,216,2,1,False,False,False,False,True
38953,1,90,36.0,90,0,0,False,False,False,False,False
38974,1,35,49.0,34,0,0,False,False,False,False,False
38975,1,117,8.0,122,5,0,True,False,True,True,False
38978,2,87,16.0,196,0,0,False,False,False,False,False
39009,1,59,14.0,60,1,0,False,False,False,False,True
39013,1,149,30.0,178,11,0,False,False,False,False,False
39014,1,77,47.0,56,13,0,False,False,False,False,True
39077,1,595,23.0,300,14,1,False,False,False,False,False
39092,1,14,13.0,11,0,0,False,False,False,False,False
39108,1,170,21.0,93,0,0,False,False,False,False,False
39109,1,142,19.0,87,0,0,False,False,False,False,False
39140,1,258,13.0,466,4,0,True,False,True,True,True
39226,1,7,9.0,5895,0,0,False,False,False,False,False
39228,5,1,26.0,1,0,0,False,False,False,False,False
39229,5,3,44.0,3,0,0,False,False,False,False,False
39266,3,9,26.0,10,2,0,True,False,False,True,False
39269,5,4,24.0,6,1,0,False,False,False,False,False
39287,1,1098,53.0,998,5,1,True,False,False,True,False
39288,1,217,37.0,224,15,2,True,True,False,True,False
39319,1,31,44.0,53,2,1,False,False,False,True,False
39329,1,59,36.0,129,0,0,False,False,False,False,False
39357,1,6,8.0,6,1,1,True,True,False,True,True
39372,1,84,9.0,116,0,0,False,False,False,False,False
39378,1,490,11.0,281,6,0,True,False,True,True,True
39380,1,428,22.0,453,17,3,True,True,True,True,True
39419,1,25,12.0,26,0,0,False,False,False,False,False
39448,1,10,13.0,10,1,0,False,False,False,False,False
39466,1,104,13.0,225,2,0,True,False,True,True,False
39474,1,25,8.0,26,0,0,True,False,True,True,False
39491,1,40,17.0,33,1,0,False,False,False,False,False
39521,1,86,41.0,69,1,0,False,False,False,False,False
39533,1,305,13.0,158,0,0,False,False,False,False,False
39551,1,177,51.0,169,0,1,True,False,False,True,False
39562,1,96,27.0,168,1,1,True,True,True,True,True
39597,1,100,25.0,100,0,0,False,False,False,False,False
39600,1,278,32.0,892,10,0,False,False,True,True,True
39606,1,203,12.0,135,9,0,False,False,False,False,False
39620,1,11,30.0,11,0,0,False,False,False,False,False
39710,1,158,33.0,381,7,0,False,False,False,True,False
39757,1,3,61.0,135,0,0,False,False,False,True,False
39758,4,169,45.0,475,0,0,False,False,False,False,False
39838,1,292,33.0,435,3,0,True,False,False,True,False
39851,1,99,7.0,54,2,1,False,False,False,True,False
39866,1,310,35.0,410,12,4,True,True,False,True,False
39895,1,134,11.0,67,1,1,False,False,False,False,True
39929,1,140,9.0,281,0,0,False,False,False,False,False
39958,1,40,47.0,78,0,0,False,False,False,False,False
39968,1,840,38.0,936,39,1,False,False,False,True,False
39986,1,115,11.0,305,1,2,True,False,False,True,True
39992,1,29,9.0,29,1,0,False,False,False,False,True
40009,1,51,20.0,48,1,0,False,False,False,False,True
40012,1,17,12.0,17,1,0,False,False,False,False,False
40069,1,62,10.0,123,0,0,True,False,False,True,False
40089,1,345,17.0,549,17,2,False,False,False,False,False
40093,1,157,11.0,157,2,0,False,False,False,False,False
40095,1,998,37.0,698,19,6,True,True,False,True,False
40116,1,7,10.0,24,0,0,True,False,False,True,False
40122,1,221,13.0,448,2,0,False,False,False,False,False
40150,1,225,20.0,237,1,0,False,False,False,False,False
40185,1,8,3.0,10,0,0,True,False,False,True,False
40210,1,135,16.0,114,4,0,False,False,False,False,True
40227,1,383,38.0,401,3,0,False,False,False,False,False
40240,1,14,8.0,11,0,0,True,True,True,True,True
40242,1,133,15.0,123,0,0,False,False,False,False,False
40250,1,112,10.0,104,8,0,True,False,True,True,True
40286,1,6,16.0,82,0,0,True,False,True,True,True
40300,1,226,9.0,221,4,2,True,True,False,True,False
40327,5,3,60.0,3,0,0,False,False,False,False,False
40329,5,19,29.0,19,1,0,False,False,False,False,False
40366,1,236,38.0,209,8,0,False,False,False,False,False
40402,1,137,10.0,143,1,1,True,False,False,True,True
40408,5,38,22.0,38,6,0,False,False,False,False,False
40410,1,555,80.0,1020,0,0,False,False,False,False,False
40429,4,54,16.0,50,1,1,True,False,False,True,False
40458,1,262,24.0,135,1,0,True,True,True,True,False
40459,1,68,14.0,93,0,0,False,False,False,False,False
40463,1,722,27.0,1048,39,0,True,False,True,True,False
40467,1,164,27.0,96,2,2,False,False,False,False,False
40470,1,88,30.0,100,0,0,True,True,False,True,True
40476,1,199,20.0,181,8,0,True,False,False,True,False
40486,1,302,16.0,546,1,0,True,True,True,True,False
40505,1,78,17.0,74,0,0,False,False,False,False,False
40513,1,142,12.0,572,1,1,False,False,False,False,False
40547,1,319,24.0,367,3,0,True,False,False,True,True
40575,1,209,30.0,209,1,1,False,False,False,False,False
40589,1,145,53.0,238,0,0,False,False,False,False,False
40608,1,208,27.0,141,0,0,False,False,False,False,False
40659,1,318,31.0,337,7,0,False,False,False,True,False
40677,5,4,22.0,4,0,0,False,False,False,False,False
40685,1,1569,22.0,1592,15,1,False,False,False,True,False
40695,4,13,18.0,20,0,0,False,False,True,True,False
40696,1,607,44.0,455,3,3,True,False,True,True,False
40717,1,355,41.0,507,0,0,False,False,False,False,False
40724,5,2,17.0,2,0,0,False,False,False,False,False
40729,1,14,15.0,11,0,0,False,False,False,False,False
40733,1,724,35.0,857,4,0,True,False,True,True,False
40752,1,39,13.0,40,0,0,False,False,False,True,False
40760,1,139,20.0,101,1,0,True,False,False,True,False
40772,1,116,8.0,66,0,0,False,False,False,False,False
40810,2,9,8.0,5,2,0,True,True,False,True,False
40830,1,130,40.0,157,0,0,True,True,True,True,False
40834,3,98,17.0,304,0,1,True,False,False,True,False
40841,1,61,16.0,106,1,0,False,False,False,True,True
40853,1,773,15.0,946,4,0,False,False,False,False,True
40882,4,28,49.0,28,4,0,True,True,True,True,False
40888,1,190,17.0,239,2,0,True,True,True,True,True
40896,1,22,33.0,20,0,0,False,False,False,False,False
40903,1,441,21.0,1673,1,0,False,False,False,False,False
40905,1,32,8.0,45,1,0,False,False,False,False,False
40917,5,55,10.0,55,1,0,False,False,False,False,False
40944,1,298,43.0,726,0,0,True,False,True,True,False
40978,1,931,15.0,3024,0,0,True,False,True,True,False
41014,5,153,26.0,224,10,0,False,False,False,False,False
41045,4,173,18.0,216,2,0,False,False,False,False,False
41069,1,29,27.0,46,0,0,False,False,False,False,False
41074,1,332,19.0,206,0,0,False,False,False,False,False
41088,1,42,5.0,40,0,0,True,False,True,True,False
41169,1,263,5.0,263,0,0,True,False,False,True,False
41172,1,25,27.0,35,0,0,False,False,False,False,False
41190,1,40,28.0,46,0,1,True,False,False,True,False
41197,1,305,44.0,1072,3,0,False,False,False,False,False
41209,1,20,5.0,20,3,0,True,False,False,True,False
41258,5,114,38.0,75,8,0,False,False,False,False,False
41259,1,127,3.0,120,1,0,False,False,False,False,False
41262,1,178,25.0,677,8,2,True,False,False,True,False
41283,1,102,9.0,434,2,1,True,False,False,True,False
41290,1,96,16.0,105,2,0,False,False,False,False,False
41294,1,114,6.0,159,1,0,False,False,True,True,False
41296,1,175,12.0,120,1,0,False,False,True,True,False
41298,5,67,36.0,128,5,0,False,False,False,False,False
41329,1,39,32.0,52,6,0,False,True,True,False,False
41345,1,470,37.0,1000,8,0,True,True,True,True,False
41399,1,63,4.0,88,1,0,True,True,False,True,False
41409,1,235,20.0,233,5,1,False,False,False,False,False
41416,1,613,31.0,882,10,1,True,False,True,True,False
41443,1,10,9.0,50,1,0,False,False,False,False,False
41509,1,497,13.0,627,4,1,True,False,False,True,True
41529,1,87,14.0,208,7,0,False,False,False,False,False
41537,1,38,4.0,52,0,0,False,False,False,False,False
41542,1,43,35.0,57,2,1,False,False,False,False,True
41580,1,89,4.0,62,0,0,True,False,False,True,False
41589,1,9,14.0,14,0,0,True,False,False,True,False
41598,1,51,38.0,58,0,0,False,False,False,False,False
41632,1,34,24.0,48,2,1,False,False,False,False,False
41645,1,82,16.0,143,1,0,False,True,False,True,False
41657,1,99,17.0,100,0,0,True,False,True,True,False
41674,4,65,93.0,68,0,0,True,False,False,True,False
41683,1,107,94.0,119,1,0,False,False,False,True,False
41711,1,114,34.0,262,0,0,True,False,False,True,False
41730,2,92,21.0,95,1,0,False,False,False,False,False
41741,1,7,4.0,8,0,0,False,False,False,False,False
41788,4,29,23.0,31,0,0,False,False,False,False,False
41886,1,29,30.0,56,1,2,True,True,True,True,False
41918,1,93,5.0,105,1,0,True,False,False,True,False
41920,3,27,11.0,47,1,1,False,False,False,False,True
41934,1,129,26.0,179,3,0,True,False,True,True,False
41958,1,52,61.0,67,0,0,False,False,False,False,False
41974,1,41,15.0,43,7,0,True,False,True,True,False
42008,1,42,41.0,44,0,0,False,False,False,False,False
42023,1,317,84.0,371,4,0,False,False,False,False,False
42024,1,207,84.0,727,1,0,False,False,False,False,False
42052,1,725,12.0,1408,0,0,False,False,False,False,False
42056,5,1,56.0,1,0,0,False,False,False,False,False
42079,1,50,13.0,56,4,1,False,False,False,True,False
42087,1,1790,42.0,7251,6,4,True,True,True,True,False
42099,1,1063,17.0,883,2,0,False,False,False,True,False
42104,1,28,14.0,17,0,0,False,False,False,False,False
42168,1,149,15.0,390,11,1,True,False,True,True,True
42181,1,48,22.0,53,1,0,False,False,False,False,False
42187,1,394,21.0,394,5,0,True,True,True,True,False
42224,1,41,20.0,253,0,0,False,False,False,False,False
42250,1,189,50.0,1067,5,0,False,False,False,False,False
42266,1,93,43.0,110,0,0,False,False,False,False,False
42268,1,68,56.0,295,0,0,False,False,False,False,False
42273,1,11,3.0,11,1,0,False,False,False,False,False
42291,1,671,17.0,927,0,0,False,False,False,False,False
42299,1,101,79.0,247,1,0,False,False,False,False,False
42315,1,62,13.0,72,2,0,False,False,False,False,False
42324,1,46,31.0,44,0,0,True,False,False,True,False
42360,1,120,43.0,159,3,0,False,False,False,False,True
42371,1,559,28.0,602,9,0,False,False,False,True,False
42379,1,6,25.0,6,0,0,False,False,False,False,False
42416,1,193,78.0,391,5,0,True,True,True,True,False
42418,1,16,10.0,10,0,0,False,False,False,False,False
42420,1,42,71.0,43,2,0,False,False,False,False,False
42423,1,51,60.0,83,4,0,False,False,False,False,False
42426,1,15,22.0,17,0,0,False,False,False,False,False
42428,1,68,92.0,143,0,0,False,False,False,False,False
42431,1,35,5.0,36,2,0,True,False,False,True,True
42433,4,177,29.0,114,0,0,True,False,False,True,False
42435,1,27,5.0,30,1,0,True,False,True,True,False
42437,1,58,16.0,29,0,0,False,False,False,False,False
42442,1,107,13.0,65,0,0,True,True,True,True,False
42443,1,39,37.0,39,0,0,True,True,True,True,False
42444,1,165,60.0,246,2,0,True,True,False,True,False
42445,1,72,36.0,84,0,1,False,False,False,False,False
42447,1,65,21.0,65,0,0,False,False,False,False,False
42474,1,77,42.0,74,0,0,True,False,False,True,False
42480,1,60,71.0,93,3,0,False,False,False,False,False
42481,1,89,71.0,82,2,0,False,False,False,False,False
42500,1,58,3.0,43,1,3,False,False,False,True,False
42502,3,34,21.0,58,1,0,False,False,False,True,False
42503,1,64,5.0,78,6,1,False,False,False,False,False
42527,1,2216,41.0,3605,2,0,True,False,True,True,False
42528,2,42,14.0,42,1,0,True,False,False,True,False
42544,1,199,33.0,199,5,0,False,False,False,False,False
42575,4,57,17.0,89,2,1,True,False,True,True,False
42576,1,220,13.0,184,4,0,False,False,False,False,False
42580,1,201,12.0,126,0,0,False,False,False,False,False
42602,1,58,16.0,30,0,0,False,False,False,False,False
42604,1,135,58.0,140,0,0,False,False,False,False,False
42611,1,14,85.0,34,0,0,False,True,False,True,False
42619,1,53,22.0,160,1,1,False,False,False,True,False
42621,2,1093,15.0,1549,0,0,False,False,False,False,False
42628,5,18,26.0,18,2,0,False,False,False,False,False
42629,2,192,43.0,151,1,0,True,True,True,True,False
42634,1,103,15.0,103,0,1,False,False,False,True,False
42644,1,207,46.0,407,2,1,False,False,False,False,False
42645,2,39,37.0,42,0,0,False,False,False,False,False
42646,1,150,20.0,292,7,1,False,False,False,False,False
42649,1,51,41.0,94,0,0,False,False,False,False,False
42650,1,96,7.0,90,3,0,True,False,True,True,False
42664,1,112,24.0,135,1,0,False,False,False,False,False
42686,1,354,51.0,831,2,1,True,False,True,True,True
42690,2,1,21.0,1,0,0,False,False,False,False,False
42695,2,73,80.0,71,0,0,False,False,False,False,False
42696,2,116,58.0,219,1,0,False,False,False,False,False
42697,2,6,35.0,8,0,0,False,False,False,False,False
42701,1,91,5.0,82,0,0,True,False,False,True,False
42711,2,1,3.0,5,0,0,False,False,False,False,False
42712,1,49,16.0,78,0,0,False,False,False,True,True
42714,2,10,46.0,6,0,0,False,False,False,False,False
42722,2,21,41.0,38,0,0,False,False,False,False,False
42723,2,15,31.0,31,0,0,False,False,False,False,False
42730,1,17,61.0,224,0,0,False,False,False,False,False
42732,1,116,20.0,231,3,0,False,False,False,False,False
42768,1,60,9.0,60,0,0,False,False,False,False,False
42791,2,14,36.0,26,0,0,False,False,False,False,False
42792,2,268,28.0,380,0,0,False,False,False,False,False
42811,2,136,62.0,537,5,4,False,False,False,False,False
42815,1,1049,18.0,4102,1,0,False,False,False,False,True
42829,2,22,30.0,23,0,0,False,False,False,False,False
42835,1,954,39.0,1270,1,0,True,False,True,True,False
42836,1,140,28.0,202,0,0,False,False,False,False,False
42837,1,166,25.0,83,0,0,False,False,False,False,False
42838,1,133,19.0,144,0,0,False,False,False,False,False
42841,1,6,28.0,9,0,0,False,False,False,False,False
42898,1,288,14.0,730,0,0,False,False,False,False,False
42900,1,59,51.0,66,2,0,False,False,False,False,False
42902,1,201,33.0,540,0,0,True,True,True,True,False
42916,2,5,32.0,5,0,0,False,False,False,False,False
42919,1,118,8.0,113,0,0,False,False,False,False,False
42943,1,10,37.0,17,1,0,False,False,False,False,True
42946,1,14,57.0,10,0,0,False,False,False,False,False
42949,1,97,16.0,108,1,1,True,False,True,True,False
42952,2,14,27.0,14,0,0,False,False,False,False,False
42953,2,2,59.0,3,0,0,False,False,False,False,False
42967,2,27,2.0,49,0,0,False,False,False,True,False
42996,1,10,49.0,20,1,0,False,False,False,False,False
42997,1,136,25.0,135,2,1,True,False,True,True,False
43007,2,14,54.0,14,0,0,False,False,False,False,False
43012,1,28,2.0,43,3,0,False,False,False,False,False
43017,2,9,47.0,8,0,0,False,False,False,False,False
43018,2,22,47.0,13,0,0,False,False,False,False,False
43029,2,96,35.0,54,1,0,True,True,False,True,False
43036,2,119,5.0,220,0,0,False,False,False,False,False
43047,1,146,19.0,148,2,0,False,False,False,False,False
43048,2,14,12.0,12,0,0,False,False,False,False,False
43059,2,144,39.0,158,0,0,False,False,False,True,False
43063,1,1635,17.0,2359,1,0,False,False,False,True,False
43067,1,126,36.0,102,2,0,False,False,False,False,False
43070,2,14,16.0,7,1,1,False,False,False,False,False
43072,2,4,13.0,8,0,0,False,False,False,False,False
43087,2,62,39.0,36,0,0,False,False,False,False,False
43094,2,5,41.0,7,0,0,False,False,False,False,False
43095,2,7,41.0,7,0,0,False,False,False,False,False
43099,2,7,45.0,7,0,0,False,False,False,False,False
43115,2,161,39.0,219,0,0,False,False,False,False,False
43118,2,30,47.0,40,0,0,False,False,False,False,False
43124,2,10,15.0,5,0,0,False,False,False,False,False
43128,2,10,40.0,10,0,0,False,False,False,False,False
43131,2,171,66.0,193,2,0,True,False,True,True,False
43132,2,1,15.0,1,0,0,False,False,False,False,False
43136,2,6,34.0,6,0,0,False,False,False,False,False
43165,2,17,16.0,18,0,0,False,False,False,False,False
43172,2,18,16.0,20,0,0,False,False,False,False,False
43173,2,25,40.0,25,0,0,False,False,False,False,False
43178,2,6,43.0,6,0,0,False,False,False,False,False
43185,2,4,66.0,4,0,0,False,False,False,False,False
43191,2,23,10.0,29,0,0,False,False,False,False,False
43206,2,26,16.0,13,0,0,False,False,False,False,False
43210,2,9,39.0,13,0,0,False,False,False,False,False
43211,2,22,9.0,11,0,0,False,False,False,False,False
43213,2,1,10.0,1,0,0,False,False,False,False,False
43217,2,16,22.0,8,0,0,False,False,False,False,False
43226,2,8,15.0,8,0,0,False,False,False,False,False
43227,2,6,28.0,4,0,0,False,False,False,False,False
43238,2,2,17.0,2,0,0,False,False,False,False,False
43239,2,4,19.0,3,0,0,False,False,False,False,False
43241,2,8,30.0,8,0,1,False,False,False,False,False
43243,2,40,56.0,29,0,0,False,False,False,True,False
43245,2,2,17.0,5,0,0,False,False,False,False,False
43247,2,32,5.0,16,1,0,False,False,False,True,False
43248,1,6,42.0,9,0,0,False,False,False,False,False
43249,2,2,48.0,5,0,0,False,False,False,False,False
43250,2,25,17.0,26,2,0,False,False,False,False,False
43251,2,44,5.0,22,0,0,False,False,False,True,False
43257,2,27,22.0,27,0,0,False,False,False,False,False
43258,2,10,8.0,51,0,0,False,False,False,False,False
43259,1,72,46.0,53,2,0,False,False,True,True,False
43262,2,12,11.0,12,0,0,False,False,False,False,False
43264,2,18,5.0,9,0,0,False,False,False,False,False
43266,2,5,26.0,5,0,0,False,False,False,False,False
43283,2,8,45.0,9,0,0,False,False,False,False,False
43285,2,35,14.0,22,0,0,False,False,False,False,False
43288,1,56,36.0,184,0,1,True,True,False,True,False
43289,2,1,20.0,1,0,0,False,False,False,False,False
43290,2,18,43.0,18,0,0,False,False,False,False,False
43291,2,17,24.0,17,0,0,False,False,False,False,False
43292,2,12,35.0,12,0,0,False,False,False,False,False
43294,2,10,29.0,10,0,0,False,False,False,False,False
43298,2,2,27.0,1,0,0,False,False,False,False,False
43299,2,3,27.0,2,0,0,False,False,False,False,False
43300,2,8,52.0,9,0,0,False,False,False,False,False
43301,2,5,31.0,3,0,0,False,False,False,False,False
43302,2,6,31.0,3,0,0,False,False,False,False,False
43303,2,3,54.0,4,0,0,False,False,False,False,False
43304,2,5,47.0,5,0,0,False,False,False,False,False
43305,2,25,33.0,25,0,0,False,False,False,False,False
43306,2,8,55.0,8,0,0,False,False,False,False,False
43307,2,49,21.0,32,0,0,False,False,False,False,False
43313,1,148,32.0,156,2,0,False,False,False,False,False
43319,1,33,35.0,40,0,1,False,False,False,False,False
43323,2,20,11.0,10,0,0,False,False,False,False,False
43326,2,12,54.0,9,0,0,False,False,False,False,False
43329,1,120,13.0,62,1,0,False,False,False,False,False
43332,2,7,39.0,7,0,0,False,False,False,False,False
43341,1,92,26.0,46,0,0,False,False,False,False,False
43346,2,2,18.0,1,0,0,False,False,False,False,False
43347,2,2,37.0,1,0,0,False,False,False,False,False
43348,2,2,36.0,1,0,0,False,False,False,False,False
43349,2,1,16.0,1,0,0,False,False,False,False,False
43351,1,490,12.0,1228,2,0,False,False,False,False,False
43352,1,85,7.0,54,3,0,False,False,True,True,False
43353,1,73,8.0,91,0,1,True,False,True,True,False
43354,1,1,44.0,4,0,0,False,False,False,False,False
43356,1,142,29.0,82,2,0,True,False,False,True,False
43359,1,13,31.0,434,0,0,False,False,False,False,False
43360,1,110,16.0,66,2,1,False,False,False,False,False
43365,1,51,34.0,214,0,0,False,False,False,False,False
43368,1,59,4.0,104,1,0,True,False,False,True,False
43369,1,343,25.0,1080,1,0,False,False,False,False,False
43371,1,15,14.0,16,0,0,False,False,False,False,False
43372,2,5,3.0,6,0,0,False,False,False,False,False
43378,1,12,16.0,12,0,0,False,False,False,False,False
43382,1,9,13.0,9,0,1,True,False,False,True,False
43383,1,30,6.0,33,0,0,False,False,False,False,False
43384,4,29,16.0,60,0,0,False,False,False,False,False
43385,1,131,16.0,823,1,0,False,False,False,False,False
43386,1,83,3.0,167,0,0,False,False,False,True,False
43387,1,36,16.0,92,0,1,False,False,False,False,False
43390,1,24,16.0,36,0,0,False,False,False,False,False
43392,1,44,21.0,48,0,0,False,False,False,False,False
43393,1,510,37.0,573,1,1,False,False,False,False,False
43397,1,8,16.0,14,0,0,False,False,False,False,False
43402,1,62,4.0,31,0,0,False,False,False,False,False
43403,2,273,35.0,248,2,1,True,True,True,True,False
43404,1,114,33.0,95,0,0,True,False,False,True,False
43405,1,1789,17.0,6709,0,0,False,False,False,False,False
43408,1,20,35.0,31,0,0,False,False,False,False,False
43410,2,1,40.0,2,0,0,False,False,False,False,False
43412,1,2,10.0,5,1,0,True,False,False,True,False
43417,2,9,57.0,9,0,0,False,False,False,False,False
43418,1,1,9.0,1,0,0,False,False,False,False,False
43424,2,11,33.0,15,0,0,False,False,False,False,False
43426,1,302,11.0,305,0,0,False,False,False,False,False
43431,1,81,44.0,80,1,0,False,False,False,False,False
43433,1,15,16.0,13,1,0,True,False,True,True,False
43434,1,19,3.0,24,0,0,False,False,False,False,False
43435,1,179,40.0,179,0,0,False,False,False,False,False
43437,1,10,10.0,10,0,0,False,False,False,False,False
43440,1,108,12.0,198,0,0,False,False,False,False,False
43441,1,85,8.0,194,0,0,False,False,False,True,False
43442,1,2,9.0,3,1,0,False,False,False,False,False
43443,1,31,6.0,31,1,0,True,False,True,True,False
43445,1,56,5.0,57,0,0,False,False,False,False,False
43446,1,98,15.0,236,0,0,False,False,False,True,False
43447,2,5,16.0,5,0,0,False,False,False,False,False
43448,1,19,17.0,41,0,0,False,False,False,False,False
43449,1,75,81.0,87,0,0,False,False,False,False,False
43450,1,66,16.0,33,0,0,False,False,False,False,False
43451,2,3,23.0,3,0,0,False,False,False,False,False
43452,1,65,13.0,80,0,0,False,False,False,True,False
43453,1,41,16.0,248,0,0,False,False,False,False,False
43454,1,203,16.0,487,1,1,False,False,False,True,False
43457,2,28,24.0,34,0,0,False,False,False,False,False
43458,1,20,7.0,26,0,0,False,False,False,False,False
43461,1,38,19.0,42,1,0,True,False,True,True,False
43466,1,18,32.0,9,0,0,False,False,False,False,False
43469,1,113,48.0,112,1,0,False,False,False,True,False
43470,1,42,29.0,89,0,0,True,False,False,True,False
43476,1,29,2.0,15,0,0,True,False,False,True,False
43477,1,930,6.0,533,0,0,True,False,True,True,False
43479,1,78,40.0,106,0,0,False,False,True,True,False
43480,1,2,3.0,4,0,0,False,False,False,False,False
43481,1,209,92.0,505,0,0,False,False,False,False,False
43486,9,4,49.0,4,0,0,False,False,False,False,False
43488,1,55,60.0,51,0,0,False,False,False,False,False
43490,1,22,6.0,30,1,0,False,False,False,True,False
43491,4,132,9.0,186,0,0,False,False,False,False,False
43493,1,100,26.0,403,0,0,False,False,False,False,False
43496,1,24,8.0,12,0,1,False,False,False,False,False
43501,2,3,30.0,6,0,0,False,False,False,False,False
43502,1,89,33.0,268,0,0,False,False,False,False,False
43503,1,1,16.0,1,0,0,False,False,False,False,False
43505,1,2,16.0,15,0,0,False,False,False,False,False
43506,1,11,13.0,21,0,0,False,False,False,False,False
43507,1,13,8.0,11,0,0,False,False,False,False,False
43508,9,1,8.0,33,0,0,False,False,False,False,False
